"สาขาวิชา","ชาย","หญิง","ไม่ระบุเพศ","แรงงานไทย","แรงงานต่างด้าว","แรงงานที่ต้องการรวม"
"ป.ตรีคอมพิวเตอร์ / เทคโนโลยีสารสนเทศ","11","9","167","187","0","187"
"ทุกสาขา","81","28","52","161","0","161"
"ป.ตรีการบัญชี","9","41","62","111","1","112"
"ป.ตรีการตลาด","13","25","57","95","0","95"
"การตลาด","4","10","60","74","0","74"
"สาขาที่เกี่ยวข้อง","5","4","64","72","1","73"
"ป.ตรีวิศวกรรมไฟฟ้า / อิเล็กทรอนิกส์ / คอมพิวเตอร์","26","3","33","62","0","62"
"ป.ตรีวิศวกรรมโยธา","57","2","2","61","0","61"
"ทางวิศวกรรมไฟฟ้ากำลัง","45","15","0","60","0","60"
"วิศวะอุตสาหกรรมการผลิต","1","50","6","57","0","57"
"ป.ตรีการบัญชี, บัญชีการเงิน","4","21","25","50","0","50"
"ป.ตรีวิทยาการคอมพิวเตอร์และเทคโนโลยีสารสนเทศ","0","0","44","44","0","44"
"Computer Science, IT or Software Engineer","14","13","13","40","0","40"
"ไม่กำหนด","3","0","32","35","0","35"
"ป.ตรีเภสัชศาสตร์","1","3","31","35","0","35"
"ป.ตรีคอมพิวเตอร์","7","5","21","33","0","33"
"ไม่จำกัด","4","3","24","31","0","31"
"โลจิสติกส์","2","0","29","31","0","31"
"ป.ตรีวิศวกรรมเครื่องกล","21","1","7","29","0","29"
"ป.ตรีบริหารธุรกิจ / พณิชยศาสตร์ /บัญชี","3","10","14","27","0","27"
"ป.ตรีวิศวกรรมไฟฟ้า","12","1","14","27","0","27"
"ป.ตรีวิศวกรรมโยธา/ก่อสร้าง","21","2","1","24","0","24"
"ไม่จำกัดสาขา","11","11","1","23","0","23"
"ป.ตรีบริหารธุรกิจ","0","8","14","22","0","22"
"บัญชี","1","11","8","20","0","20"
"เทคโนโลยีสารสนเทศ","0","0","20","20","0","20"
"ป.ตรีก่อสร้าง","18","0","0","18","0","18"
"ป. ตรีการศึกษาปฐมวัย","5","7","6","17","1","18"
"ไม่จำกัดสาขา แต่มีประสบการณ์ในงานงาน","0","0","17","17","0","17"
"ป.ตรีการขาย","4","4","9","17","0","17"
"สาขาคอมพิวเตอร์, วิทยาการคอมพิวเตอร์, วิศวกรรมคอมพิวเตอร์ หรือ สาขาอื่นที่เกี่ยวข้อง","10","5","1","16","0","16"
"ป.ตรีวิศวกรรมก่อสร้าง","4","0","11","15","0","15"
"ป.ตรีวิทยาศาสตร์","0","0","14","14","0","14"
"ป.ตรีอาชีวอนามัยและความปลอดภัย","4","2","8","14","0","14"
"ป.ตรีการพัฒนาทรัพยากรมนุษย์","5","6","2","13","0","13"
"การขายการตลาด","0","1","12","13","0","13"
"ป.ตรีกายภาพบำบัด","0","1","12","13","0","13"
"ป.ตรีวิศวกรรม","2","1","10","13","0","13"
"สาขาวิศวกรรมคอมพิวเตอร์หรือเทคโนโลยีสารสนเทศหรือสาขาที่เกี่ยวข้อง","0","0","13","13","0","13"
"ป.ตรีการจัดการทั่วไป","4","5","4","13","0","13"
"ป.ตรีบริหารธุรกิจ วิชาเอกบริหารธุรกิจ-การตลาด","0","2","11","13","0","13"
"ป.ตรีคอมพิวเตอร์ธุรกิจ","2","2","8","12","0","12"
"ป. ตรีการศึกษา (EDUCATION)","5","2","5","12","0","12"
"ป.ตรีวิศวกรรมคอมพิวเตอร์","0","0","11","11","0","11"
"ป.ตรีพยาบาลศาสตร์","0","10","1","11","0","11"
"ป.ตรีการจัดการ การบริหารทั่วไป","3","3","5","11","0","11"
"ป.ตรีวิศวกรรมอุตสาหการ, วิศวกรรมโรงงานอุตสาหกรรม","5","0","5","9","1","10"
"ป.ตรีคอมพิวเตอร์ / เทคโนโลยีสารสนเทศ","0","0","10","10","0","10"
"ป.ตรีวิทยาศาสตร์-เกษตร","0","0","10","10","0","10"
"ป.ตรีศิลปกรรมและสถาปัตยกรรม","5","1","4","10","0","10"
"วิศวโยธา","9","0","1","10","0","10"
"สาขาวิศวกรรมไฟฟ้าหรือสาขาที่เกี่ยวข้อง","0","0","10","10","0","10"
"วิทยาศาสตร์","0","1","8","9","0","9"
"การขาย/การตลาด","0","4","5","9","0","9"
"ป.ตรีสถาปัตยกรรมศาสตร์","0","0","9","9","0","9"
"การขายหรือการตลาด และต้องมีประสบการณ์ในสายงาน อย่างน้อย 1-2 ปี","5","1","2","8","0","8"
"ป. ตรีประถมศึกษา (คณิตศาสตร์)","0","1","7","3","5","8"
"ป.ตรีบัญชี","0","4","4","8","0","8"
"ป.ตรีครุศาสตร์ , ศึกษาศาสตร์","1","7","0","8","0","8"
"ป.ตรีการจัดการ","0","3","5","8","0","8"
"ป.ตรีวิทยาศาสตร์-เคมี","1","1","6","8","0","8"
"การขายและการตลาด","4","4","0","8","0","8"
"ป.ตรีภาษาญี่ปุ่น","0","1","7","8","0","8"
"บริหารธุรกิจหรือสาขาที่เกี่ยวข้อง","1","0","7","8","0","8"
"วิศวอุตสาหการ/วิศวะ","5","3","0","8","0","8"
"ป.ตรีสัตวแพทย์","2","1","5","8","0","8"
"วิทยาศาสตร์และวิศวกรรมศาสตร์","0","0","7","7","0","7"
"ไม่จำกัดสาขา /  ยินดีรับเด็กจบใหม่","0","1","6","7","0","7"
"Engineering","0","0","7","7","0","7"
"ป.ตรีวิศวกรรมเคมี","3","0","4","7","0","7"
"ป.ตรีการโรงแรมและการท่องเที่ยว / อุตสาหกรรม / ประกันภัย","1","3","3","7","0","7"
"ป.ตรีวิศวกรรมศาสตร์และช่างต่าง ๆ","4","1","2","7","0","7"
"ป.ตรีอุตสาหกรรม","6","1","0","7","0","7"
"ป.ตรีการบริหารและการจัดการ","0","4","3","7","0","7"
"ป.ตรี วิศวเครื่องกล","1","0","5","6","0","6"
"ป.ตรีการตลาดทั่วไป","0","1","5","6","0","6"
"ไม่จำกัดสาขา แต่มีประสบการณ์ในงานงาน อย่างน้อย 2 ปี","0","6","0","6","0","6"
"ป.ตรีเศรษฐศาสตร์","0","0","6","6","0","6"
"ความปลอดภัย อาชีวอนามัยหรือสาขาอื่นๆ ที่เกี่ยวข้อง","1","0","5","6","0","6"
"ป.ตรีการโรงแรม","3","3","0","6","0","6"
"ไม่จำกัด แต่ต้องมีประสบการณ์ในสายงาน อย่างน้อย 3-5 ปี","0","0","6","6","0","6"
"วิศวกรรม","6","0","0","6","0","6"
"คอมพิวเตอร์","0","3","3","6","0","6"
"ป. ตรีมัธยมศึกษา (บริการสื่อการศึกษา)","5","1","0","6","0","6"
"ป. ตรีการประถมศึกษา","0","0","5","0","5","5"
"ป.ตรีวิศวกรรมไฟฟ้าและระบบ","0","0","5","5","0","5"
"การตลาด คอมพิวเตอร์ โลจิสติกส์","0","5","0","5","0","5"
"ป.ตรีพยาบาลศึกษา","0","0","5","5","0","5"
"ป.ตรีสังคมสิ่งแวดล้อม","0","0","5","5","0","5"
"การตลาดหรือสาขาที่เกี่ยวข้อง","0","0","5","5","0","5"
"ที่เกี่ยวข้อง","4","1","0","5","0","5"
"โลจิสติกส์ การตลาด คอมพิวเตอร์","0","5","0","5","0","5"
"วิศวกรรม / ช่างไฟฟ้า / งานระบบอาคาร","2","0","3","5","0","5"
"วิศวกรรมเครื่องมือวัด","5","0","0","5","0","5"
"Mechanical Engineer or any related filed.","2","0","3","5","0","5"
"ป.ตรีเทคนิคการแพทย์","0","0","5","5","0","5"
"ไฟฟ้าหรือบริหารธุรกิจหรือสาขาที่เกี่ยวข้อง","0","0","5","5","0","5"
"ป.ตรีหมวดธุรกิจการเกษตร","0","0","5","5","0","5"
"กราฟฟิกส์ดีไซด์","1","0","4","5","0","5"
"ป.ตรีการผลิต","0","0","5","5","0","5"
"การตลาด การขาย","0","0","5","5","0","5"
"ป.ตรีวิศวกรรมไฟฟ้า (เทคโนโลยีไฟฟ้าอุตสาหกรรม)","2","0","2","4","0","4"
"บริหารธุรกิจ","1","2","1","4","0","4"
"ป.ตรีการออกแบบนิเทศศิลป","2","2","0","4","0","4"
"ป.ตรีศาสตร์คอมพิวเตอร์","0","0","4","4","0","4"
"ป.ตรีวิจัยและพัฒนาหลักสูตร","0","0","4","4","0","4"
"ป.ตรีการบริหารทรัพยากรมนุษย์","0","1","3","4","0","4"
"วิศวกรโยธา","2","0","2","4","0","4"
"ป.ตรีการสอนอุตสาหกรรมศิลป์(ออกแบบ-เขียนแบบ)","2","1","1","4","0","4"
"การดูแลเด็กและผู้สูงอายุ","0","4","0","4","0","4"
"ป.ตรีสื่อสารและการจัดการธุรกิจ","0","0","4","4","0","4"
"ป.ตรีวิทยาศาสตร์การอาหาร","2","0","2","4","0","4"
"วิศวกรรมเครื่องกล","2","0","2","4","0","4"
"ป.ตรีบริหารธุรกิจ-การตลาด","0","0","4","4","0","4"
"วิศวกรรมศาสตร์","3","0","1","4","0","4"
"ป.ตรีครุศาสตร์ ปฐมวัย","0","4","0","2","2","4"
"เครื่องกล,อุตสาหการ","4","0","0","4","0","4"
"คหกรรมศาสตร์","0","2","2","4","0","4"
"ป. ตรีออกแบบ - เขียนแบบ)","0","0","4","4","0","4"
"ไม่จำกัดวุฒิ","0","0","4","4","0","4"
"บริหาร","0","1","3","4","0","4"
"ป.ตรีคณิตศาสตร์ศึกษา","0","1","3","4","0","4"
"ป.ตรีเทคโนโลยีอาหาร","0","0","3","3","0","3"
"ป.ตรีเครื่องกล","2","0","1","3","0","3"
"ป. ตรีประถมศึกษา (ภาษาอังกฤษ)","0","1","2","2","1","3"
"ป. ตรีมัธยมศึกษา (อุตสาหกรรมศิลป์ออกแบบ - เขียนแบบ)","0","0","3","3","0","3"
"สาขา วิทยาศาสตร์การอาหารหรือสาขาที่เกี่ยวข้อง","0","0","3","3","0","3"
"ป.ตรีวิศวกรรมเคมีและเทคนิควัสดุ / สิ่งทอ","0","0","3","3","0","3"
"Mechanical Engineer any field.","0","0","3","3","0","3"
"วิศวกร","1","0","2","3","0","3"
"สัตวบาล / สัตวศาสตร์","1","0","2","3","0","3"
"Rubber Technology","3","0","0","3","0","3"
"ป.ตรีการบัญชีต้นทุน","0","3","0","3","0","3"
"IT","2","1","0","3","0","3"
"ป. ตรีมัธยมศึกษา (ภาษาอังกฤษชั้นสูง)","1","2","0","1","2","3"
"ป.ตรีการจัดการทรัพยากรบุคคล","1","0","2","3","0","3"
"เกษตร","1","0","2","3","0","3"
"Electrical Engineer","0","0","3","3","0","3"
"วิทยาศาสตร์บัณฑิต","0","0","3","3","0","3"
"สาขาบัญชี หรือสาขาที่เกี่ยวข้อง","0","0","3","3","0","3"
"ป.ตรีวิศวกรรมสิ่งแวดล้อม","0","0","3","3","0","3"
"ป. ตรีประถมศึกษา (วิทยาศาสตร์ทั่วไป)","0","1","2","3","0","3"
"วิศวกรรมโลจิสติกส์","3","0","0","3","0","3"
"ป.ตรีวิศวกรรมอิเลกทรอนิกส์","3","0","0","3","0","3"
"ป.ตรีการโรงแรมและการท่องเที่ยว","0","0","3","3","0","3"
"สาธารณสุข","1","1","1","3","0","3"
"ป.ตรีการเงิน","0","1","2","3","0","3"
"ป.ตรีคณิตศาสตร์ / สถิติ","0","3","0","3","0","3"
"ป.ตรีมัธยมศึกษา วิชาเอกคอมพิวเตอร์การศึกษา","0","0","3","3","0","3"
"วิศวกรก่อสร้าง","0","0","3","3","0","3"
"ป.ตรีเทคโนโลยีการเกษตร วิชาเอกเทคโนโลยีพืชสวน","0","0","3","3","0","3"
"ป.ตรีวิศวกรรมอุตสาหการ","1","1","1","3","0","3"
"ป.ตรีการท่องเที่ยวและการโรงแรม","0","0","2","2","0","2"
"ป.ตรีการบริหารธุรกิจ แขนงวิชาการตลาด","1","1","0","2","0","2"
"ป.ตรีเครื่องกล(วิชาเอกเทคนิคช่างยนต์)","2","0","0","2","0","2"
"ป.ตรีการจัดการงานคอมพิวเตอร์และวิศวกรรม","1","1","0","2","0","2"
"ป.ตรีเทคโนโลยีคอมพิวเตอร์","0","1","1","2","0","2"
"Logistic or any related field","0","1","1","2","0","2"
"ภูมิทัศน์สถาปัตย์พืชสวน","0","0","2","2","0","2"
",สัตวแพทย์","1","1","0","2","0","2"
"ป.ตรีไฟฟ้าอิเลคทรอนิคส์","2","0","0","2","0","2"
"ป.ตรีช่างกลโรงงาน","2","0","0","2","0","2"
"ป.ตรีการบริหาร","0","2","0","2","0","2"
"ป.ตรีเทคโนโลยีการจัดการ","2","0","0","2","0","2"
"ป.ตรีการบริหารทั่วไป","0","1","1","2","0","2"
"ป.ตรีวิทยาศาสตร์สิ่งแวดล้อม / วิทยาศาสตร์การอาหาร","1","0","1","2","0","2"
"ป.ตรีวิทยาศาสตร์และเทคโนโลยี การอาหาร","2","0","0","2","0","2"
"ป.ตรีเศรษฐศาสตร์การเงินและการคลัง","0","0","2","2","0","2"
"วิศวกรรมศาตร์ สาขาเครื่องกลหรือสาขาที่เกี่ยวข้อง","2","0","0","2","0","2"
"ป.ตรีการจัดการโรงแรม","0","2","0","2","0","2"
"สาขาใดก็ได้","0","0","2","2","0","2"
"ป.ตรีสาธาณะสุข","0","0","2","2","0","2"
"ป.ตรีเทคโนโลยีสิ่งแวดล้อม สาขาวิชาเฉพาะวิศวกรรมอนามัยสิ่งแวดล้อม","1","0","1","2","0","2"
"ป.ตรีนิติศาสตร์","1","0","1","2","0","2"
"ป.ตรีเศรษฐศาสตร์การเงินและการตลาด","0","0","2","2","0","2"
"วิศวะ","2","0","0","2","0","2"
"ป.ตรีศิลปการพิมพ์","2","0","0","2","0","2"
"ป.ตรีการบริหารธุรกิจ แขนงวิชาการบัญชี","0","0","2","2","0","2"
"การบริหาร","0","2","0","2","0","2"
"ป.ตรีภาษาอังกฤษ (การสอน)","0","2","0","1","1","2"
"การบริการ","0","2","0","2","0","2"
"ป.ตรีบริหารธุรกิจ","0","1","1","2","0","2"
"วิศวกรรมไฟฟ้าอิเล็คทรอนิกส์ และสาขาอื่นๆที่เกี่ยวข้อง","1","0","1","2","0","2"
"วิชาการบัญชี","1","1","0","2","0","2"
"ป.ตรีวิศวกรรมเขียนแบบและออกแบบการผลิต","0","0","2","2","0","2"
"ป.ตรีคอมพิวเตอร์และเทคโนโลยีสารสนเทศ","0","0","2","2","0","2"
"บริหาร และ อื่นๆ","0","0","2","2","0","2"
"เขียนแบบ","0","0","2","2","0","2"
"นิเทศศาสตร์ / สื่อสารมวลชนและการเอกสาร","1","0","1","2","0","2"
"ป.ตรีวิศวกรรมคอมพิวเตอร์และระบบอัติโนมัติ","2","0","0","2","0","2"
"วิศวกรรมไฟฟ้า","0","0","2","2","0","2"
"ป. ตรีมัธยมศึกษา (วิทยาศาสตร์-คณิตศาสตร์)","0","2","0","2","0","2"
"บริหารจัดการ","0","2","0","2","0","2"
"ป.ตรีเทคโนโลยีและสื่อสารการศึกษา","1","1","0","2","0","2"
"Information and Technology หรือที่เกี่ยวข้อง","1","0","1","2","0","2"
"ป.ตรีการจัดการทั่วไป และสาขาที่เกี่ยวข้อง","0","0","2","2","0","2"
"Electrical Engineering or related field","2","0","0","2","0","2"
"ป.ตรีการออกแบบผลิตภัณฑ์","2","0","0","2","0","2"
"ป.ตรีการตลาดระหว่างประเทศ","0","0","2","2","0","2"
"วิศววกรรมเคมี","0","0","2","2","0","2"
"ป.ตรีกฏหมายทั่วไป","0","0","2","2","0","2"
"การตลาด/บริหารคอมพิวเตอร์","0","0","2","2","0","2"
"อุตสาหการ","0","0","2","2","0","2"
"กราฟฟิคดีไซน์ หรือโซเซียลมีเดีย","0","0","2","2","0","2"
"วิศวกรรมการโยธา","2","0","0","2","0","2"
"ป.ตรีวิทยาการจัดการอุตสาหกรรม","2","0","0","2","0","2"
"ปริญญาตรี","0","0","2","2","0","2"
"ป.ตรีบริหารการตลาด","0","0","2","2","0","2"
"ป.ตรีช่างยนต์","2","0","0","2","0","2"
"ป.ตรีบริหารธุรกิจระหว่าง ประเทศ","0","2","0","2","0","2"
"ป.ตรีการบริหารธุรกิจ แขนงวิชาการเลขานุการ","0","2","0","2","0","2"
"ป.ตรีวิศวกรรมอุตสาหการ (เชื่อมประสาน)","2","0","0","2","0","2"
"Electrical Engineering","0","0","2","2","0","2"
"ช่างไฟฟ้า","2","0","0","2","0","2"
"ป.ตรีมนุษยศาสตร์ , มานุษยวิทยา","0","2","0","2","0","2"
"อาชีวอนามัยและความปลอดภัย","2","0","0","2","0","2"
"food,วิทยาศาสตร์,สัตวแพทย์","1","1","0","2","0","2"
"ก่อสร้าง/วิศวกรรมศาตร์","2","0","0","2","0","2"
"คอมพิวเตอร์ธุรกิจ","0","0","2","2","0","2"
"วิศวกรไฟฟ้า","2","0","0","2","0","2"
"ปริญญาตรีเทคโนโลยีอาหาร","0","0","2","2","0","2"
"ปวส. ช่างเครื่องกล","0","0","2","2","0","2"
"การตลาด/เทคโนโลยีสารสนเทศ","0","0","2","2","0","2"
"ไม่จำกัดสาขา แต่มีประสบการณ์ในงานงาน อย่างน้อย 3-5 ปี","0","0","2","2","0","2"
"วิสวกรรม","0","0","2","2","0","2"
"ป.ตรีการออกแบบผลิตภัณฑ์, ศิลปะอุตสาหกรรม","0","2","0","2","0","2"
"บริหารการจัดการ","0","0","2","2","0","2"
"บัญชี/ตรวจสอบภายใน","0","0","2","2","0","2"
"ไม่จำกัด แต่ต้องมีประสบการณ์ในสายงาน อย่างน้อย 5-7 ปี","1","0","1","2","0","2"
"การก่อสร้าง/โยธา","2","0","0","2","0","2"
"ป. ตรีประถมศึกษา (ภาษาไทย)","0","0","2","2","0","2"
"ป.ตรีการออกแบบสถาปัตยกรรม","0","0","1","1","0","1"
"ป.ตรีการสอนอุตสาหกรรมศิลป์ (ช่างยนต์)","1","0","0","1","0","1"
"วิศวโยธาและการจัดการ","1","0","0","1","0","1"
"ภาษาอังกฤษ","0","0","1","1","0","1"
"คอมพิวเตอร์ การตลาด ภาษาอังกฤษ","0","1","0","1","0","1"
"ป. ตรีประถมศึกษา (พลศึกษา)","0","0","1","1","0","1"
"ป.ตรีการสอนวิชาชีววิทยาระดับมัธยมศึกษา","1","0","0","1","0","1"
"นิติศาสตร์","1","0","0","1","0","1"
"สาขา วิทยาศาสตร์การอาหารหรือสาขาที่เกี่ยวข้อง","1","0","0","1","0","1"
"ป.ตรีการวิจัยและการพัฒนาหลักสูตร","0","0","1","1","0","1"
"ป.ตรีเทคโนโลยีการบรรจุ","0","0","1","1","0","1"
"ป.ตรีเทคโนโลยีและนวัตกรรมทาง การศึกษา","0","0","1","1","0","1"
"วิทยาศาสตร์คอมพิวเตอร์","0","0","1","1","0","1"
"วิทยาศาสตร์สาขาเคมี/ชีววิทยา","0","1","0","1","0","1"
"ป.ตรีการศึกษานอกระบบ-คหกรรมศาสตร์","0","1","0","1","0","1"
"ป.ตรีวิทยาศาสตร์ศึกษา","0","0","1","1","0","1"
"ป.ตรีการสอนธุรกิจศิลป์ (บริหารธุรกิจ)","1","0","0","1","0","1"
"ป.ตรีการสอนคหกรรมศาสตร์","0","0","1","1","0","1"
"บริหารธุรกิจ / บัญชี","0","0","1","1","0","1"
"ปริญญาตรีสาขาบัญชี","0","1","0","1","0","1"
"ป.ตรีภาษาต่างประเทศ","1","0","0","1","0","1"
"ป.ตรี เทคโนโลยีอาหาร","0","0","1","1","0","1"
"Electrical, Chemical, Mechanical. Energy Engineering","0","0","1","1","0","1"
"การสอน","1","0","0","0","1","1"
"สาขาไฟฟ้าหรือสาขาอื่นที่เกี่ยวข้อง","0","0","1","1","0","1"
"ป.ตรีออกแบบภายใน","1","0","0","1","0","1"
"ปฐมวัย และสาขาที่เกี่ยวข้อง","0","1","0","1","0","1"
"โพลิเมอร์","0","0","1","1","0","1"
"ป.ตรีภาษาอังกฤษธุรกิจ","0","0","1","1","0","1"
"ภาษาญี่ปุ่น หรือเกี่ยวข้อง","0","0","1","1","0","1"
"ช่างไฟฟ้า","1","0","0","1","0","1"
"ป.ตรีอาชีวอนามัยหรือเทียบเท่า","0","0","1","1","0","1"
"วิศวกรรมไฟฟ้า","1","0","0","1","0","1"
"Business Administration, Marketing or related filed","0","0","1","1","0","1"
"ป. ตรีประถมศึกษา (การสอนเด็กพิเศษ)","0","1","0","1","0","1"
"ป.ตรีการศึกษาคณิตศาสตร์","0","1","0","1","0","1"
"ป.ตรีบริหารการศึกษา","0","1","0","1","0","1"
"ป.ตรีการสอนภาษาไทย","0","1","0","1","0","1"
"วิศวกรรรมยานยนต์","1","0","0","1","0","1"
"ป.ตรีประมง","1","0","0","1","0","1"
"ป.ตรีบริหารอุตสาหการ","1","0","0","1","0","1"
"บริหาร, การตลาด , มนุษยศาสร์","0","0","1","1","0","1"
"ป.ตรีเคมีเทคนิค","0","0","1","1","0","1"
"ป.ตรีจิตวิทยาอุตสาหกรรม","0","0","1","1","0","1"
"ปริญญาตรีวิทยาศาสตร์เคมี","0","0","1","1","0","1"
"ป.ตรีสื่อสารมวลชน","0","0","1","1","0","1"
"ป.ตรีอิเล็กทรอนิกส์","1","0","0","1","0","1"
"การบัญชี","0","0","1","1","0","1"
"การก่อสร้าง/สถาปัตย์","0","0","1","1","0","1"
"ป.ตรีเกษตรกรรม","1","0","0","1","0","1"
"ป.ตรีมานุษยสงเคราะห์","0","0","1","1","0","1"
"วิศว","1","0","0","1","0","1"
"สิ่งแวดล้อม อาชีวอนามัย หรือสาขาที่เกี่ยวข้อง","0","0","1","1","0","1"
"ป.ตรีการออกแบบสถาปัตยกรรม หรือที่เกี่ยวข้อง","1","0","0","1","0","1"
"ป.ตรีการบริหารธุรกิจ แขนงวิชาการบริหารงานอุตสาหกรรม","0","1","0","1","0","1"
"ปริญญาตรี สาขาบริหารทรัพยากรมนุษย์ หรือที่เกี่ยวข้อง","1","0","0","1","0","1"
"การเงิน การบัญชี","0","0","1","1","0","1"
"ป.ตรีหมวดการเงิน","0","1","0","1","0","1"
"ป.ตรีการสอนภาษาจีน","0","0","1","1","0","1"
"ปริญญาตรีสาขาเทคโนโลยีการอาหาร  หรือสาขาที่เกี่ยวข้อง","0","0","1","1","0","1"
"ป.ตรีบริหารธุรกิจ-การบัญชี","0","1","0","1","0","1"
"ป. ตรีการตลาด","0","1","0","1","0","1"
"ป. ตรีบัญชี/การเงิน","0","1","0","1","0","1"
"ป.ตรีรัฐศาสตร์ / การบริหาร","0","0","1","1","0","1"
"Industrial Engineer","0","1","0","1","0","1"
"ป.ตรีอาชีวศึกษา/อุดมศึกษา","0","0","1","1","0","1"
"บริหารธุรกิจ หรือสาขาที่เกี่ยวข้อง","0","0","1","1","0","1"
"บริการการจัดการ","0","0","1","1","0","1"
"การจัดการโลจิสติกส์","1","0","0","1","0","1"
"ป. ตรีประถมศึกษา","0","0","1","1","0","1"
"ป.ตรีวิศวกรรมไฟฟ้า","1","0","0","1","0","1"
"ป.ตรีการประกันภัย","0","1","0","1","0","1"
"ป.ตรีกฎหมาย","1","0","0","1","0","1"
"บริหารทรัพยากรบุคคล","0","1","0","1","0","1"
"ป.ตรีเภสัชกรรม","0","0","1","1","0","1"
"ป.ตรีวิศวกรรมสำรวจ","1","0","0","1","0","1"
"ป.ตรีการบริหารธุรกิจ แขนงวิชาการบริหารงานทั่วไป","0","1","0","1","0","1"
"ป.ตรีสังคมศาสตร์การแพทย์และสาธารณสุข","0","0","1","1","0","1"
"ป.ตรีวิทยาการคอมพิวเตอร์","0","0","1","1","0","1"
"ปริญญาตรี สาขา บริหารหรือที่เกี่ยวข้อง","1","0","0","1","0","1"
"บริหารและการจัดการ","0","0","1","1","0","1"
"ป.ตรี ความปลอดภัย","1","0","0","1","0","1"
"ป.ตรีอาชีวอนามัย","0","0","1","1","0","1"
"ป.ตรีศิลปการช่าง","1","0","0","1","0","1"
"ป.ตรีวิทยาศาสตร์การแพทย์","0","1","0","1","0","1"
"ป.ตรีเศรษฐศาสตร์การขนส่ง","0","0","1","1","0","1"
"ป.ตรีวิทยาศาสตร์-ฟิสิกส์","0","1","0","1","0","1"
"อุตสาหกรรมยานยนต์","0","0","1","1","0","1"
"การเงินและบัญชี","0","0","1","1","0","1"
"ป.ตรีบัญชีต้นทุน","0","0","1","1","0","1"
"บริหารธุรกิจ / การตลาด","0","1","0","1","0","1"
"สถาปัตยกรรม / มัณฑนศิลป์ / ผังเมือง","0","0","1","1","0","1"
"ป.ตรีวิศวกรรมความปลอดภัย","1","0","0","1","0","1"
"การบันชี","0","1","0","1","0","1"
"วิศวะโยธา","1","0","0","1","0","1"
"ป.ตรีการเงินและการธนาคาร","0","0","1","1","0","1"
"ป.ตรีการเลขานุการ","0","0","1","1","0","1"
"ป.ตรีเทคนิคเขียนแบบวิศวกรรมเครื่องกล","0","0","1","1","0","1"
"ป.ตรีเทคโนโลยีการอาหารและโภชนาการ","0","1","0","1","0","1"
"วิศวกรสิ่งแวดล้อม","0","0","1","1","0","1"
"ปฐมวัย","0","1","0","1","0","1"
"สาขาการด้านธุรกิจหรือด้านนิติศาสตร์","0","0","1","1","0","1"
"ออกแบบดีไซน์","1","0","0","1","0","1"
"ป.ตรีเทคโนโลยีการผลิต","1","0","0","1","0","1"
"Electrical , Mechatronics, Computer Engineer","0","0","1","1","0","1"
"เทคนิคแม่พิมพื","0","0","1","1","0","1"
"ป.ตรีภาษา วิชาเอกภาษาอังกฤษ","0","1","0","1","0","1"
"ป.ตรีวิศวกรรมสิ่งทอ","0","0","1","1","0","1"
"วิศวกรรมการผลิต,เคมี,อุตสาหกรรม","0","0","1","1","0","1"
"ป.ตรีการสื่อสาร","0","1","0","1","0","1"
"สาขาวิชาเอกคณิตศาสตร์","0","0","1","1","0","1"
"ป.ตรีดุริยางคศาสตร์, ดนตรี","0","0","1","1","0","1"
"ป. ตรีมัธยมศึกษา (คณิตศาสตร์)","0","1","0","1","0","1"
"วิทยาศาสรต์ประยุกต์/พลังงาน/เคมี/สิ่งแวดล้อม","0","1","0","1","0","1"
"ปริญญาตรี(วทบ.)สาขาวิทยาศาสตร์และเทคโนโลยีการอาหาร  หรือสาขาอื่นๆ  ที่เกี่ยวข้อง","0","0","1","1","0","1"
"สาขาเทคโนโลยีการอาหาร  หรือสาขาที่เกี่ยวข้อง","0","0","1","1","0","1"
"Mechatronics or Engineer any field.","0","0","1","1","0","1"
"ป.ตรีการบริหารธุรกิจ","1","0","0","1","0","1"
"วิศวกรรมคอมฯ สาขาวิทยาการคอมฯ  มีประสบการณ์ในสายงาน 1-2 ปี","0","0","1","1","0","1"
"ไม่จำกัด แต่ต้องมีประสบการณ์ในสายงาน อย่างน้อย 7-10 ปี","0","0","1","1","0","1"
"ป.ตรีวิจัย","0","0","1","1","0","1"
"ป.ตรีรังสีเทคนิค","0","1","0","1","0","1"
"ป.ตรีเศรษฐศาสตร์เกษตร","1","0","0","1","0","1"
"ป.ตรีภาษาไทย-การศึกษานอกระบบ","0","0","1","1","0","1"
"ป. ตรีพื้นฐานการศึกษา","0","1","0","1","0","1"
"นิติศาสตร์​","0","0","1","1","0","1"
"ป.ตรีช่างเชื่อมโลหะ","1","0","0","1","0","1"
"ป.ตรีเภสัชกรรมโรงพยาบาล","0","1","0","1","0","1"
"ป.ตรีหมวดบัญชีการเงิน","0","0","1","1","0","1"
"Business Administration หรือที่เกี่ยวข้อง","0","0","1","1","0","1"
"วิศวกรรมคอมพิวเตอร์","0","0","1","1","0","1"
"ช่างเทคโนโลยีสารสนเทศ","1","0","0","1","0","1"
"ป.ตรีเคมีอุตสาหการ-ปิโตรเคมี","0","0","1","1","0","1"
"ป.ตรีบัญชีธุรกิจการโรงแรม","0","0","1","1","0","1"
"นิเทศศาสตร์","0","0","1","1","0","1"
"สาขาท่องเที่ยว","0","1","0","1","0","1"
"การตลาด/ขาย","0","0","1","1","0","1"
"วิทยาศาสตร์การกีฬา","1","0","0","1","0","1"
"ป. ตรีมัธยมศึกษา (สังคมศึกษา)","0","1","0","1","0","1"
"ป.ตรีบริหารธุรกิจ วิชาเอกบริหารธุรกิจ-การบัญชี","0","0","1","1","0","1"
"ป. ตรีวิศกรรมไฟฟ้า","1","0","0","1","0","1"
"สาร์นสนเทศน์/เทคโนโลี","1","0","0","1","0","1"
"ป. ตรีมัธยมศึกษา (ชีววิทยา)","0","0","1","1","0","1"
"การจัดการ การตลาด","0","0","1","1","0","1"
"ป.ตรีทันตแพทยศาสตร์","0","1","0","1","0","1"
"ป.ตรีการจัดการงานก่อสร้าง","1","0","0","1","0","1"
"วิทยาการคอมพิวเตอร์ และ วิศวกรรม(คอมพิวเตอร์)","0","0","1","1","0","1"
"ป.ตรีการประชาสัมพันธ์","0","0","1","1","0","1"
"ป. ตรีวิศวกร","1","0","0","1","0","1"
"สำนักงานใหญ่","1","0","0","1","0","1"
"ป.ตรีวิทยาศาสตร์สิ่งแวดล้อม","1","0","0","1","0","1"
"ป.ตรีการบริหารทรัพยากรมนุษย์และองค์การ","0","0","1","1","0","1"
"ป.ตรีวิศวกรรมอุตสาหการ (วิศวกรรมเคมีอุตสาหกรรม)","1","0","0","1","0","1"
"ป.ตรี ที่เกี่ยวข้อง","0","0","1","1","0","1"
"ฝ่ายผลิต","1","0","0","1","0","1"
"Industrial Engineer or related fields","0","0","1","1","0","1"
"ป.ตรี วิศวกรรมไฟฟ้า","0","0","0","0","0","0"
"ป. ตรีมัธยมศึกษา (วิทยาศาสตร์กายภาพ-ชีวภาพ)","0","0","0","0","0","0"
"data science","0","0","0","0","0","0"
"design","0","0","0","0","0","0"
"Finance, Economics, Business Administration","0","0","0","0","0","0"